Date Added,URL,Price From,Price To,Image URL,Location,Area From,Area To,Description,Agency Name,Contact Phone,Contact Email,FSBO,Creation Date,Update Date
2025-09-07T07:03:43.531Z,https://www.athome.lu/fr/vente/projet-neuf/residence/brooklyn-luxembourg/id-8258648.html,60000,1554715,https://static.athome.lu/85/40/e7/4ed8a49e6d36b16a150ad8b3eec627d763b06686.jpg,"2-4 Aristides de Sousa Mendes, Luxembourg-Bonnevoie, 2185, Luxembourg, Centre, Luxembourg",12,123,"Vous souhaitez vous lancer dans un projet immobilier, que ce soit pour habiter ou pour investir ? Les deux premières résidences du nouveau quartier Brooklyn à Bonnevoie sont livrées en septembre. C'est une excellente opportunité, que vous cherchiez un lieu de vie moderne et lumineux ou un investissement avec un rendement attractif. Découvrez nos derniers appartements disponibles, conçus pour offrir confort et luminosité, avec de grandes baies vitrées et une généreuse hauteur sous plafond de 2,73 m.  Contactez-nous pour avoir plus d'informations sur ce remarquable projet, adapté à toutes vos ambitions !   Eagelstone, promoteur pan-Européen, est animé par le renouvellement responsable des villes Européennes via la création de lieux de vie agréables et fonctionnels. Eaglestone porte une attention particulière à la qualité architecturale de ses projets, leurs impacts sociétaux et environnementaux, et a coeur de toujours y intégrer une oeuvre d'art contemporaine. Pour Brooklyn, chaque résidence sera embellie d'une oeuvre de Samuel Lévy, jeune artiste plasticien, catalyseur d'énergies.",Eaglestone Luxembourg,+352 621 13 07 32,salesbrooklyn@eaglestone.lu,,20240620T084812Z,2025-09-06T03:10:01
2025-09-07T07:03:47.096Z,https://www.athome.lu/vente/garage-parking/luxembourg/id-8259686.html,60000,,https://static.athome.lu/66/80/e7/8200e0a26b4075563b6136e445e67e8d53758632.jpg,"2-4 Aristides de Sousa Mendes, Luxembourg-Bonnevoie, 2185, Luxembourg, Centre, Luxembourg",12,,"À vendre : Parkings disponibles dans les résidences B1 et B2 du nouveau quartier Brooklyn à Bonnevoie !  Nous avons le plaisir de vous annoncer que des parkings sont à vendre au sein des résidences B1 et B2, situées dans le tout nouveau quartier Brooklyn à Bonnevoie. Ces espaces de stationnement seront disponibles à partir de septembre 2025.  Ne manquez pas cette opportunité d'acquérir un parking dans un cadre moderne et agréable. Pour plus d'informations, n'hésitez pas à nous contacter !",Eaglestone Luxembourg,+352 621 13 07 32,salesbrooklyn@eaglestone.lu,,20240621T142935Z,2025-09-02T14:24:03
2025-09-07T07:03:51.246Z,https://www.athome.lu/fr/vente/terrain/kehmen/id-8714727.html,325500,,https://static.athome.lu/7e/9f/48/3334d97bfd560a995bc9fe13e11e38e97c22e6b6.jpg,"Haaptstrooss, Kehmen, Bourscheid, Nord, Luxembourg",4.65,,"Opportunité Exceptionnelle à Ne Pas Manquer !   Home Project SA vous propose une magnifique place à bâtir de 4,65 ares (lot n°3) pour la construction d'une maison unifamiliale isolée.  Atouts principaux :  * Orientation plein sud : Profitez d'une luminosité optimale toute la journée ! * Terrain proposé avec ou sans contrat de construction, selon vos préférences. * Emplacement de choix dans un cadre paisible et résidentiel. Construisez la maison de vos rêves sur ce terrain idéalement situé !  Außergewöhnliche Gelegenheit, die Sie nicht verpassen sollten!   Home Project SA bietet Ihnen ein wunderschönes Baugrundstück von 6,46 Ar (Los Nr. 2) für den Bau eines isolierten Einfamilienhauses an.  Hauptvorteile :  * Südausrichtung: Genießen Sie den ganzen Tag über optimale Lichtverhältnisse! * Grundstück wird mit oder ohne Bauvertrag angeboten, je nach Ihren Vorlieben. * Erstklassige Lage in einer friedlichen Wohngegend. Bauen Sie Ihr Traumhaus auf diesem ideal gelegenen Grundstück!  An exceptional opportunity not to be missed!   Home Project SA offers you a magnificent building plot of 6.46 ares (lot n°2) for the construction of a detached single-family home.  Main assets:  * South-facing: Enjoy optimum light all day long! * Land available with or without a building contract, depending on your preferences. * Prime location in a peaceful residential setting. Build the home of your dreams on this ideally located plot!",HOME PROJECT S.A.,35227861657,info@home-project.lu,,20250728T113005Z,2025-08-20T15:31:11
2025-09-07T07:03:54.698Z,https://www.athome.lu/fr/vente/garage-parking/senningerberg/id-8147629.html,37000,,https://static.athome.lu/da/25/c7/4ec9969fd93786b887ff90399aaef38450670073.jpg,"49 Route de Trèves, Senningerberg, 2633, Niederanven, Centre, Luxembourg",18,,"Parking dans le garage souterrain d'une résidence moderne  Le parking est situé au dernier étage d'un garage souterrain. Il est activé par un système élévateur, car 2 véhicules peuvent y être stationnés l'un au-dessus de l'autre. Le prix est valable pour un parking.  Le bâtiment est situé sur la route principale ""route de Trèves"" à Senningerberg, en face de la station-service ESSO, donc très bien desservi, directement à la sortie d'autoroute Trier/Luxembourg et de l'aéroport, à seulement quelques kilomètres de Kirchberg. La nouvelle station de tram est à quelques minutes à pied. De plus, il y a de très bonnes liaisons de bus vers Kirchberg, l'aéroport et la ville de Luxembourg.",Tradition Immobilière Sà.r.l.,35223677157,tradimmo@pt.lu,,20240228T142851Z,2025-08-23T13:27:33
2025-09-07T07:03:57.928Z,https://www.athome.lu/fr/vente/garage-parking/schifflange/id-8574048.html,25000,,https://static.athome.lu/06/4d/28/7f86ddaae204a67c1b5453dd8c304415c9d737b5.jpg,"1 Rue Basse, Schifflange, 3813, Schifflange, Sud, Luxembourg",15,,"Emplacement élévateur (plateau supérieur) à saisir, disponible de suite.",Movilliat,35227869876,info@movilliat.lu,,20250418T162610Z,2025-08-06T15:01:02
2025-09-07T07:04:01.568Z,https://www.athome.lu/fr/vente/garage-parking/luxembourg/id-8296797.html,95000,,https://static.athome.lu/d5/99/e7/975095748414bda1234a4ea22b6568c9effccc1a.jpg,"17 rue du Commerce, Luxembourg-Gare, 1351, Luxembourg, Centre, Luxembourg",13.75,,"Emplacement de parking intérieur (nr. 55) à vendre à Luxembourg-Gare  - speed gate (ac. badge) - dimensions: 2,75m x 5m (total de 13,75m2) - hauteur max. 1,9m - une/des motos et/ou une remorque pourront aussi y être stationnés - 17, rue du Commerce L-1351 Luxembourg-Gare - éclairage, ascenseur et système d'alarme  Contactez David BRAUSCH par tel. +352 45713134 / +352 661 290 585 ou par e-mail david.brausch@fischbach.lu (L/F/D/Eng.) â€¨â€¨pour plus d'informations ou pour organiser un rdv",FISCHBACH REALTORS & DEVELOPERS SA,35227860765,david.brausch@fischbach.lu,,20240221T110017Z,2025-09-02T10:16:50
2025-09-07T07:04:05.411Z,https://www.athome.lu/fr/vente/garage-parking/luxembourg/id-7712951.html,75000,,https://static.athome.lu/7b/0b/57/0c5a73e9c24155beb7a8a3d8f412563c75534fe9.jpg,"Luxembourg-Gasperich - Cloche d'or, Luxembourg, Centre, Luxembourg",10,,"NEW IMMO, votre agence Immobilière située à Luxembourg Belair, vous propose à la VENTE cet emplacement intérieur fermé situé à LUXEMBOURG-GASPERICH, à proximité de toutes commodités (Route d'Esch).  Pour toute demande de visite ou informations complémentaires, veuillez contacter votre agent immobilier, Cyrille KREMER au 691 400 002 ou par e-mail : cyrille.kremer@newimmo.lu.  Disponible immédiatement.  Emplacement intérieur fermé situé en parking sous-terrain Proche Cloche d'Or, au coeur de Gasperich.",NEW IMMO S.A.,352621181800,callback@newimmo.lu,,20221031T090205Z,2025-09-05T14:51:30
2025-09-07T07:04:08.955Z,https://www.athome.lu/fr/vente/garage-parking/differdange/id-8527249.html,29000,,https://static.athome.lu/19/d1/28/87a9458c9ca9a0347b6838a1a0a9735073004f58.jpg,"Differdange, Differdange, Sud, Luxembourg",12,,"NEW IMMO, votre agence Immobilière à Luxembourg vous propose à la VENTE un emplacement de parking intérieur dans une résidence en plein centre de DIFFERDANGE  (13 Grand-Rue 4575 Differdange , Luxembourg)  Pour des informations complémentaires, veuillez contacter votre agent immobilier Keano ENGELS au 691 400 478.",NEW IMMO S.A.,352621181800,keano.engels@newimmo.lu,,20250314T110015Z,2025-09-05T14:51:30
2025-09-07T07:04:12.664Z,https://www.athome.lu/fr/vente/garage-parking/thionville/id-8724204.html,13000,,https://static.athome.lu/ce/e1/58/c985562e14b30007319d9b1ad7037510f1c955d8.jpg,"Thionville, 57100, Thionville-Est, Lorraine, France",16,,"GARAGE THIONVILLE 13000EUR Honoraires inclus.  THIONVILLE - GARAGE  L'agence OPEN IMMOBILIER vous propose en exclusivité ce garage situé sur la commune de Thionville  TARIF : 13 000 EUR - Honoraires à la charge du vendeur,  Possibilté d'en acquérir 2 dans le même immeuble.  Pour plus de renseignements, nous consulter.  OPEN Immobilier  Votre contact: M. ULAS Portable : 06 63 17 75 42 Fixe: 03 82 54 73 57 Epro: ulas@open57.fr  www.open57.fr",Open Immobilier,33382547450,ulas.unal57@gmail.com,,20250804T142100Z,2025-08-04T14:22:04
2025-09-07T07:04:16.213Z,https://www.athome.lu/fr/vente/garage-parking/ettelbruck/id-8649028.html,22000,,https://static.athome.lu/44/9f/38/6d4222c0a9e16b42a423348b0a754b2e507295d4.png,"2 Rue Jean-Pierre Thill, Ettelbruck, 9085, Ettelbruck, Nord, Luxembourg",13,,"Valora Real Estate Agency proudly presents ? Exclusive Listing  Outdoor parking space for sale, ideally located on Rue Jean-Pierre Thill in Ettelbrück, just steps from the town's industrial and commercial zone.  Designated for private use only, this parking space offers a practical, secure, and easily accessible solution. It is perfect for residents, professionals, or anyone working in the area who needs a dedicated space.  Sale price: €24,000 Use: Private Type: Outdoor parking space  Don't miss out on this opportunity! Contact us today for more information or to schedule a visit with our agent Leon Muslic:  +352 691 836 997 info@valora-realestate.lu  VALORA, your partner for a future with value",Valora Real Estate Agency,691242262,info@valora-realestate.lu,,20250612T104613Z,2025-09-01T14:46:00
2025-09-07T07:04:19.864Z,https://www.athome.lu/fr/vente/garage-parking/luxembourg/id-8758063.html,83000,,https://static.athome.lu/f2/3a/58/c32472c6a4eb061b4272938446953433fe7681e0.jpg,"5 Rue Ry Boissaux, Luxembourg-Gasperich - Cloche d'or, 1277, Luxembourg, Centre, Luxembourg",15,,"Opportunité à ne pas manquer !  À vendre : garage box fermé de 15 m², situé dans un emplacement stratégique à proximité immédiate des transports (gare et tram à env. 1 km, arrêt de bus à env. 100 m).  Ce bien constitue une solution idéale pour stationner un véhicule, stocker du matériel ou réaliser un investissement rentable.  Caractéristiques principales :  - Type : Garage box fermé avec porte manuelle.  - Plafond haut offrant un volume supplémentaire pour le stockage.  - Avec un investissement minime, l'accès à l'électricité est possible.  - Bail emphytéotique en cours avec le fonds du logement jusqu'au 31 mai 2094  Disponible immédiatement  Accès facile et emplacement recherché  Prix : 83.000 €  Pour toute information complémentaire ou pour planifier une visite, contactez dès maintenant :  +352 691 836 997 info@valora-realestate.lu  VALORA, äre Partner fir eng Zukunft mat Valeur",Valora Real Estate Agency,352691199402,info@valora-realestate.lu,,20250901T134516Z,2025-09-02T13:30:04
2025-09-07T07:04:23.659Z,https://www.athome.lu/fr/vente/garage-parking/luxembourg/id-8156722.html,51000,,https://static.athome.lu/23/67/c7/9cfa7e08c28cd4784a7138ec3302470f7fde059a.jpg,"281 Rue de Rollingergrund, Luxembourg-Rollingergrund, 2441, Luxembourg, Centre, Luxembourg",15,,"HD33 Real Estate vous propose à la vente un emplacement de parking intérieur.  L'emplacement de parking se situe dans une petite résidence au premier sous-sol.  La dimension de l'emplacement de parking est prévue pour des voitures de type citadines, hauteur maximale  1,60 métres.  L'emplacement est situé au 281 rue Rollingergrund L-2441 Luxembourg, disponible immédiatement. Images sont à venir.   Pour plus de renseignement veuillez contacter Monsieur Dino BACKES au +352 661 333 370 ou dino.backes@hd33.lu    HD33 Real Estate bietet Ihnen einen Innenparkplatz zum Verkauf an.  Der Parkplatz befindet sich in einer kleinen Residenz im ersten Untergeschoss.  Die Größe des Parkplatzes ist für Stadtautos vorgesehen, maximale Höhe 1,60 meter.   Der Stellplatz befindet sich in 281 rue Rollingergrund L-2441 Luxemburg und ist sofort verfügbar. Bilder folgen in Kürze.   Für weitere Informationen kontaktieren Sie bitte Herrn Dino BACKES unter +352 661 333 370 oder dino.backes@hd33.lu    HD33 Real Estate offers for sale an indoor parking space.  The parking space is located in a small residence on the first basement level.  The size of the parking space is designed for city cars, maximum hight 1,60 meters.  The parking space is located at 281 rue Rollingergrund L-2441 Luxembourg, and is available immediately. Images to come.   For further information, please contact Mr Dino BACKES on +352 661 333 370 or dino.backes@hd33.lu",HD33,35227860055,contact@hd33.lu,,20240308T123026Z,2025-09-05T12:36:18
2025-09-07T07:04:27.250Z,https://www.athome.lu/fr/vente/garage-parking/luxembourg/id-8688111.html,90000,,https://static.athome.lu/fe/19/48/b210edee36d4d520bb3989cf7b70dac453177a7f.jpg,"36 Rue de l'Avenir, Luxembourg-Limpertsberg, 1147, Luxembourg, Centre, Luxembourg",14.4,,"Garage fermé 14 m² à vendre à Luxembourg (Limpertsberg) Situé dans le parking d'une résidence, ce garage individuel est très facile d'accès. -	Dimensions : 14,4 m²  -	Emplacement : Niveau -1 d'une résidence située au 36, Rue de l'Avenir, L-1147 Limpertsberg Ce garage fermé offre une solution idéale pour le stationnement ou le stockage dans un quartier recherché. Pour plus d'informations ou pour organiser une visite : Elena Beiner +352 661 22 82 77 Elena.beiner@remax.lu   Private Garage for Sale 14 sqm in Luxembourg (Limpertsberg) Located in a parking in a residence, this private garage offers very easy access. -	Dimensions: 14,4 sqm -	Location: Level -1 of a residence at 36, Rue de l'Avenir, L-1147 Limpertsberg This closed garage is an ideal solution for parking or storage in a highly sought-after area. For more information or to schedule a visit: Elena Beiner +352 661 22 82 77 Elena.beiner@remax.lu",RE/MAX Prestige,352661228277,elena.beiner@remax.lu,,20250708T150647Z,2025-09-01T10:26:56
2025-09-07T07:04:31.470Z,https://www.athome.lu/fr/vente/garage-parking/luxembourg/id-8562697.html,70000,,https://static.athome.lu/90/8a/28/6e878f2da663670d5021a838b5b72c5f8dec2266.jpg,"90 Rue de Hollerich, Luxembourg-Hollerich, 1740, Luxembourg, Centre, Luxembourg",15,,***90 rue de HOLLERICH - 123 rue de Strasbourg Luxembourg/HOLLERICH**    1 spacious and secure parking space located in a central and easily accessible area. Ideal for secure parking of your vehicle or for storage.    - Or investment for rental    Features: Generous area to accommodate a vehicle and additional items. Easy access with an automatic door.    Do not hesitate to contact me for more information or a possible visit: Phone: 00352 661 876 661 Email: info@directimmo.lu,Direct Immo,352661776661,info@directimmo.lu,,20250409T110107Z,2025-09-01T09:11:44
2025-09-07T07:04:35.353Z,https://www.athome.lu/fr/vente/garage-parking/luxembourg/id-8144154.html,149000,,https://static.athome.lu/a1/54/c7/38a1f4431fe7acdb99fab3d3985eb3bedfe3c8bf.jpg,"48 Rue Adolphe Fischer, Luxembourg-Gare, 1520, Luxembourg, Centre, Luxembourg",15,,"***RARE***GARAGE FERMÉ***ACCÈS SÉCURISÉ***   Garage actuellement loué (210eur) Rue Adolphe Fischer.   Possibilité de résilier le contrat de location (2 mois de préavis)   Bon état, accès sans rampe.   Derrière une résidence sécurisée.",Direct Immo,352661176661,info@directimmo.lu,,20240224T150717Z,2025-09-01T09:11:44
2025-09-07T07:04:39.469Z,https://www.athome.lu/fr/vente/garage-parking/reckange-sur-mess/id-8679781.html,40000,,https://static.athome.lu/56/17/48/5be5862089942b36e4f93553ae7c84d0de14785f.jpg,"71-73 rue Jean-Pierre Hilger, Reckange-Sur-Mess, 4980, Reckange-Sur-Mess, Sud, Luxembourg",18,,"C’est avec plaisir que nous vous proposons un emplacement de parking intérieur, accompagné d’une cave privative.
 
 Ce bien se trouve dans une résidence bien entretenue, idéalement située au 71-73, rue Jean-Pierre Hilger à L-4980 Reckange-sur-Mess.
 
 Le bien est disponible immédiatement.
 
 Pour toute information complémentaire, n’hésitez pas à nous contacter.   ----------  Wir freuen uns, Ihnen einen Innenstellplatz, begleitet von einem privaten Keller, anbieten zu können.
 
 Diese Einheit befindet sich in einer gepflegten Wohnanlage in idealer Lage, 71-73, rue Jean-Pierre Hilger L-4980 Reckange-sur-Mess.
 
 Die Einheit ist sofort verfügbar.
 
 Für weitere Informationen stehen wir Ihnen gerne zur Verfügung.   ----------  We are pleased to offer you an indoor parking space, accompanied by a private cellar.
 
 This property is located in a well-maintained residence, ideally situated at 71-73, rue Jean-Pierre Hilger L-4980 Reckange-sur-Mess.
 
 The property is available immediately.
 
 For any further information, please do not hesitate to contact us.",Sunset Immo Luxembourg,671030992,pierre@sunsetimmo.lu,,20250702T140633Z,2025-09-06T20:51:15
2025-09-07T07:04:43.498Z,https://www.athome.lu/fr/vente/garage-parking/luxembourg/id-8692997.html,70000,,https://static.athome.lu/50/5a/48/481efacd94b041f2b05143ecb8652b3cd85fcfb3.jpg,"65, Rue de Merl, Luxembourg-Merl, 2146, Luxembourg, Centre, Luxembourg",11.26,,"Nous vous proposons à la vente un emplacement de parking intérieur situé dans la résidence Gray d'Albion à Merl, un quartier central et très recherché de la Ville de Luxembourg.
 
 Caractéristiques :
 
 Emplacement intérieur sécurisé
 Résidence récente et bien entretenue
 Localisation idéale à Merl, à proximité immédiate de toutes commodités : commerces, transports en commun, centre-ville, gare, etc.
 
 Que ce soit pour un usage personnel ou un investissement, cet emplacement représente une opportunité rare dans un secteur en forte demande.
 
 Pour plus d’informations ou pour organiser une visite, n’hésitez pas à nous contacter.   ----------  We offer for sale an indoor parking space in the Gray d'Albion residence in Merl, a central and highly sought-after district of Luxembourg City.
 
 Features:
 
 Secure indoor parking space
 New, well-maintained residence
 Ideal location in Merl, close to all amenities: shops, public transport, town center, train station, etc.
 
 Whether for personal use or investment, this location represents a rare opportunity in an area of high demand.
 
 For more information or to arrange a viewing, please do not hesitate to contact us.",Living Form,691855920,info@livingform.lu,,20250712T112149Z,2025-09-01T11:45:11
2025-09-07T07:04:47.524Z,https://www.athome.lu/fr/vente/garage-parking/luxembourg/id-8692999.html,85000,,https://static.athome.lu/70/5a/48/fc98fa7b8a8a776a101ad62dcb927bd160564f10.jpg,"75, Rue de Merl, Luxembourg-Merl, 2146, Luxembourg, Centre, Luxembourg",13.87,,"Nous vous proposons à la vente un garage box fermé d’une surface de 13,87 m², idéalement situé dans le quartier résidentiel prisé de Luxembourg-Merl.
 
 Ce garage sécurisé se trouve dans une résidence bien entretenue et convient parfaitement pour y stationner un véhicule ou pour une utilisation comme espace de stockage.
 
 Caractéristiques :
 
 Surface : 13,87 m²
 Box fermé avec porte basculante
 Accès facile et sécurisé
 Quartier calme et recherché
 Proximité immédiate des transports en commun, écoles, commerces et accès autoroutiers
 
 Ce bien rare à Merl constitue une excellente opportunité, aussi bien pour un usage personnel que pour un investissement.
 
 N’hésitez pas à nous contacter pour de plus amples informations ou pour organiser une visite.   ----------  We offer for sale a 13.87 m² enclosed garage box, ideally located in the sought-after residential area of Luxembourg-Merl.
 
 This secure garage is located in a well-maintained residence and is ideal for parking a vehicle or for use as storage space.
 
 Features:
 
 Surface area: 13.87 m²
 Enclosed garage with up-and-over door
 Easy, secure access
 Quiet, sought-after neighborhood
 Close to public transport, schools, shops and motorway access
 
 This rare property in Merl is an excellent opportunity for both personal use and investment.
 
 Please contact us for further information or to arrange a viewing.",Living Form,691855920,info@livingform.lu,,20250712T112159Z,2025-09-01T11:45:11
2025-09-07T07:05:03.483Z,https://www.athome.lu/fr/vente/garage-parking/esch-sur-alzette/id-7970075.html,75000,,https://static.athome.lu/b1/d9/97/da03aa810b97fd7770de5d712e44c3f3_1.jpg,"Boulevard Prince Henri, Esch-sur-Alzette, 4280, Esch-sur-Alzette, Sud, Luxembourg",15,,"***BIEN SITUE***-100METRE DE LA ZONE PIETONNE***SECURISE***  L'agence DIRECT IMMO vous présente ce box fermé en sous-sol équipé d'une porte sécurisée pour y accéder, le bien est situé à moins de 100 mètres de la zone piétonne (Rue du Brill).  Longueur : 5.28m   Largueur : 2.72m    N'hésitez pas à contacter Cassandra Nicolino au +352 661776661 ou infor@directimmo.lu",Direct Immo,352661776661,info@directimmo.lu,,20230705T130554Z,2025-09-01T09:11:44
2025-09-07T07:05:06.972Z,https://www.athome.lu/fr/vente/garage-parking/filsdorf/id-8588202.html,39500,,https://static.athome.lu/aa/b0/38/14cc2f65b719a70d03a71edeb8c91e6c5c8ccb82.jpg,"2 Am Eck, Filsdorf, 5741, Dalheim, Est, Luxembourg",12.5,,"Description de la propriété : parking en sous-sol Résidence "" AM ECK"" à Filsdorf en plein centre du village, en face de la place de l'église.",Expo 2001,35227869546,kalmus@pt.lu,,20250429T164918Z,2025-09-05T09:40:03
2025-09-07T07:05:10.373Z,https://www.athome.lu/fr/vente/garage-parking/luxembourg/id-8358187.html,19500,,https://static.athome.lu/b2/98/f7/f7571486af242320d12f24cbb088168a16e03080.jpg,"NC, Luxembourg-Bonnevoie, 1633, Luxembourg, Centre, Luxembourg",12,,"SIMPLY Real Estate vous propose en exclusivité à la vente un Parking Intérieur (Parklift) idéalement  situé à BONNEVOIE dans la commune de LUXEMBOURG.
 
 Emplacement intérieur d'une surface de 12m² situé au sous-sol d'une copropriété.
 
 Information complémentaire:
 !!! Hauteur maximale 1,50m !!!
 
 Points forts:
 Plein Centre de Bonnevoie
 Proximité de la Gare et du Tram
 
 Disponibilité : immédiate
 
 Notre consultant en immobilier dispose d'une expérience bancaire de 20 ans. De fait, il est à même de vous conseiller et orienter au mieux dans le cadre d'un éventuel financement.
 
 L'estimation de votre bien immobilier est gratuite. Afin de répondre au mieux aux demandes de notre clientèle, nous sommes en permanence à la recherche de biens immobiliers.
 
 Pour de plus amples informations concernant ce bien immobilier et pour la visite des lieux, n'hésitez pas à nous contacter exclusivement.
 
 Sergio ROCHA | +352 691 427 424 | info@simplyre.lu | +352 20 60 67 60",SIMPLY REAL ESTATE SARL,691427424,info@simplyre.lu,,20241010T001031Z,2025-08-27T12:00:17
2025-09-07T07:05:17.520Z,https://www.athome.lu/fr/vente/garage-parking/luxembourg/id-8692998.html,75000,,https://static.athome.lu/60/5a/48/fbb21eff5ee3b85c019e2b604f8982f4097afc35.jpg,"50, Rue Raymond Poincaré, Luxembourg-Hollerich, 2342, Luxembourg, Centre, Luxembourg",13.69,,"Nous vous proposons à la vente un emplacement de parking intérieur situé dans la résidence Poincaré à Hollerich, un quartier central et très recherché de la Ville de Luxembourg.
 
 L’emplacement bénéficie d’un accès sécurisé et est accompagné d’une cave privative de 2,47 m², offrant un espace de rangement supplémentaire pratique.
 
 Caractéristiques :
 
 Emplacement intérieur sécurisé
 Cave privative de 2,47 m² incluse
 Résidence bien entretenue
 Localisation idéale à Hollerich, à proximité immédiate de toutes commodités : commerces, transports en commun, centre-ville, gare, etc.
 
 Que ce soit pour un usage personnel ou un investissement, cet emplacement représente une opportunité rare dans un secteur en forte demande.
 
 Pour plus d’informations ou pour organiser une visite, n’hésitez pas à nous contacter.   ----------  We offer for sale an indoor parking space in the Poincaré residence in Hollerich, a central and highly sought-after district of Luxembourg City.
 
 The space benefits from secure access and is accompanied by a 2.47 m² private cellar, offering practical additional storage space.
 
 Features:
 
 Secure indoor parking space
 2.47 m² private cellar included
 Well-maintained residence
 Ideal location in Hollerich, close to all amenities: shops, public transport, city center, train station, etc.
 
 Whether for personal use or investment, this location represents a rare opportunity in an area of high demand.
 
 For further information or to arrange a viewing, please do not hesitate to contact us.",Living Form,691855920,info@livingform.lu,,20250712T112153Z,2025-09-01T11:45:11
2025-09-07T07:05:21.304Z,https://www.athome.lu/fr/vente/garage-parking/luxembourg/id-8725579.html,215000,,https://static.athome.lu/b4/42/58/252c619b18587f16456f8de12153fa4f464901d1.jpg,"Rue de Bonnevoie, Luxembourg-Gare, 1260, Luxembourg, Centre, Luxembourg",15,,"*** PARKING INTERIEUR *** LUXEMBOURG-GARE *** RESIDENCE SECURISEE ***  Direct Immo vous propose à la vente cet emplacement de parking intérieur situé dans une résidence à Luxembourg-Gare.  Si vous souhaitez plus d'informations, n'hésitez pas à contacter Cassandra au +352 661 776 661 ou par mail info@directimmo.lu",Direct Immo,352661776661,info@directimmo.lu,,20250805T153833Z,2025-09-05T01:00:03
2025-09-07T07:05:24.451Z,https://www.athome.lu/fr/vente/garage-parking/luxembourg/id-8179166.html,130000,,https://static.athome.lu/ed/dc/c7/dd8910cf4a9e517d43cd86818e62ae316cbe261f.jpg,"NC, Luxembourg-Merl, 2146, Luxembourg, Centre, Luxembourg",15,,"Garage box 15sqm à vendre à Merl/Belair, dans une zone de garage derrière la résidence Oxford et la résidence Cambridge au 2, rue Marguerite de Brabant.  Garage box 15sqm for sale in Merl/Belair, in a garage area behind Oxford residence and Cambridge residence on 2, Marguerite de Brabant street  15sqm Garagebox ze verkafen zu Merl/Belair, an enger Garage hannert der Oxfordresidenz an der Cambridgeresidenz op 2, rue Marguerite de Brabant.  N'hésitez pas à me contactez pour des informations complémentaires ou une éventuelle visite : Téléphone : 00352 661 876 661 E-mail : info@directimmo.lu",Direct Immo,352661176661,info@directimmo.lu,,20240329T221731Z,2025-09-01T09:11:44
2025-09-07T07:05:27.935Z,https://www.athome.lu/fr/vente/garage-parking/luxembourg/id-8187313.html,105000,,https://static.athome.lu/1b/de/c7/8f74f817de41d616fc6f6668cbe38fe75f36074a.jpg,"Rue de Bonnevoie, Luxembourg-Bonnevoie, 1260, Luxembourg, Centre, Luxembourg",15,,"Garage Box à Vendre  Localisation : 77 rue de Bonnevoie, à proximité de la gare centrale  Description :  Garage box spacieux et sécurisé Situé dans un quartier central et facilement accessible Idéal pour le stationnement sécurisé de votre véhicule ou pour le stockage Caractéristiques :  Surface généreuse pour accueillir un véhicule et des objets supplémentaires Accès facile avec une porte manuelle Ne manquez pas cette opportunité d'acquérir un garage box dans un emplacement privilégié à Luxembourg-Ville. Pour plus d'informations ou pour organiser une visite, veuillez nous contacter dès maintenant.   N'hésitez pas à me contactez pour des informations complémentaires ou une éventuelle visite : Téléphone : 00352 661 876 661 E-mail : info@directimmo.lu",Direct Immo,352661176661,info@directimmo.lu,,20240408T230828Z,2025-09-01T09:11:44
2025-09-07T07:05:31.261Z,https://www.athome.lu/fr/vente/garage-parking/belvaux/id-8395821.html,36000,,https://static.athome.lu/d2/c1/08/2765081ede224367d0bf52a23fc85d24907190ca.jpg,"Rue Waassertrap, Belvaux, 4408, Sanem, Sud, Luxembourg",15.51,,"***Opportunité à saisir : Place de Parking Intérieur à Vendre - Rue Waassertrap !*** 15,51 m² - Niveau R-2 | Proche de toutes commodités : CIPA, Lycée, Écoles, et plus. Ne manquez pas cette chance !",IMMOHUB SARL,35227869670,info@immohub.lu,,20241119T114659Z,2025-05-13T16:08:15
2025-09-07T07:05:34.141Z,https://www.athome.lu/fr/vente/maison/heisdorf/id-8509799.html,2090000,,https://static.athome.lu/76/9d/18/bece66cb50ba03fe0fd5c3adb13089033edb05a6.jpg,"29 Rue de Luxembourg, Heisdorf, 7330, Steinsel, Centre, Luxembourg",1,,"ALPA Immobilière Sàrl ,vous propose à la vente une belle maison traditionnelle  Luxembourgeoise de caractère disposant d'un grand jardin clos et bien arboré dans la trés prisée Heisdorf faisant partie de la commune de Steinsel .  Idéalement située avec un accés facile au centre et au kirchberg tout en étant à proximité  immédiate de toutes les commodités . La commune dispose de bonnes infrastrutures sportives et culturelles.  Maison bien agencée, spacieuse et lumineuse avec une belle hauteur sous plafond.  La maison est scindée en deux parties disctinctes et indépendantes. Il y a d'une part l'habitation principale et à coté il y a un local commercial qui peut etre facile transformé en duplex.  La maison se présente comme suit: Au rez de chaussée : -Hall d'entrée  -Beaux living spacieux avec cheminée -Cuisine séparée Au premier étage : - 3 belles chambres -Salle de bain Au dernier étage : - un trés bel espace actuellement dédié aux loisirs , il dispose également  d'une salle de bain et est équipé d'un sauna . La maison dispose également en sous-sol d'une cave avec une buanderie,d'un espace loisir créatif,d'une chaufferie et de nombreux espaces de rangement . Garage pour 4 voitures . Grand et beau jardin clos et arboré dont on peut profiter en toute intimité.  Le local commercial offre un bel espace que l'on peut aménager facilement en fonction de ses besoins ,il y a la possibilités d'exercer des activités médicales et paramédicales,des activités commerciales,bureau,créche,activités de service,etc ..... suivant PAG de la commune de Steinsel .  Libre de suite   Si vous souhaitez plus d'informations ou si vous souhaitez visiter le bien ,nous vous invitons à nous contacter directement au 00 352 33 12 55 ou par email service.vente@alpina.lu IN",ALPINA IMMOBILIERE sàrl,35227869628,service.vente@alpina.lu,,20250303T091416Z,2025-08-26T10:09:53
2025-09-07T07:05:37.021Z,https://www.athome.lu/fr/vente/terrain/kehmen/id-8714726.html,452200,,https://static.athome.lu/6e/9f/48/3334d97bfd560a995bc9fe13e11e38e97c22e6b6.jpg,"Haaptstrooss, Kehmen, Bourscheid, Nord, Luxembourg",6.46,,"Opportunité Exceptionnelle à Ne Pas Manquer !   Home Project SA vous propose une magnifique place à bâtir de 6,46 ares (lot n°2) pour la construction d'une maison unifamiliale isolée.  Atouts principaux :  * Orientation plein sud : Profitez d'une luminosité optimale toute la journée ! * Terrain proposé avec ou sans contrat de construction, selon vos préférences. * Emplacement de choix dans un cadre paisible et résidentiel. Construisez la maison de vos rêves sur ce terrain idéalement situé !  Außergewöhnliche Gelegenheit, die Sie nicht verpassen sollten!   Home Project SA bietet Ihnen ein wunderschönes Baugrundstück von 6,46 Ar (Los Nr. 2) für den Bau eines isolierten Einfamilienhauses an.  Hauptvorteile :  * Südausrichtung: Genießen Sie den ganzen Tag über optimale Lichtverhältnisse! * Grundstück wird mit oder ohne Bauvertrag angeboten, je nach Ihren Vorlieben. * Erstklassige Lage in einer friedlichen Wohngegend. Bauen Sie Ihr Traumhaus auf diesem ideal gelegenen Grundstück!  An exceptional opportunity not to be missed!   Home Project SA offers you a magnificent building plot of 6.46 ares (lot n°2) for the construction of a detached single-family home.  Main assets:  * South-facing: Enjoy optimum light all day long! * Land available with or without a building contract, depending on your preferences. * Prime location in a peaceful residential setting. Build the home of your dreams on this ideally located plot!",HOME PROJECT S.A.,35227861657,info@home-project.lu,,20250728T112805Z,2025-08-20T15:31:11
2025-09-07T07:05:40.164Z,https://www.athome.lu/fr/vente/terrain/kehmen/id-8714741.html,311500,,https://static.athome.lu/5f/9f/48/3334d97bfd560a995bc9fe13e11e38e97c22e6b6.jpg,"Haaptstrooss, Kehmen, Bourscheid, Nord, Luxembourg",4.45,,"Opportunité Exceptionnelle à Ne Pas Manquer !   Home Project SA vous propose une magnifique place à bâtir de 4,45 ares (lot n°4) pour la construction d'une maison unifamiliale isolée.  Atouts principaux :  * Orientation plein sud : Profitez d'une luminosité optimale toute la journée ! * Terrain proposé avec ou sans contrat de construction, selon vos préférences. * Emplacement de choix dans un cadre paisible et résidentiel. Construisez la maison de vos rêves sur ce terrain idéalement situé !  Außergewöhnliche Gelegenheit, die Sie nicht verpassen sollten!   Home Project SA bietet Ihnen ein wunderschönes Baugrundstück von 4,45 Ar (Los Nr. 4) für den Bau eines freistehenden Einfamilienhauses.  Hauptvorteile :  * Südausrichtung: Genießen Sie den ganzen Tag über optimale Lichtverhältnisse! * Grundstück wird mit oder ohne Bauvertrag angeboten, je nach Ihren Vorlieben. * Erstklassige Lage in einer friedlichen Wohngegend. Bauen Sie Ihr Traumhaus auf diesem ideal gelegenen Grundstück!  An exceptional opportunity not to be missed!   Home Project SA offers you a magnificent building plot of 4.45 ares (lot n°4) for the construction of a detached single-family home.  Main assets:  * South-facing: Enjoy optimum light all day long! * Land available with or without a building contract, depending on your preferences. * Prime location in a peaceful residential setting. Build the home of your dreams on this ideally located plot!",HOME PROJECT S.A.,35227861657,info@home-project.lu,,20250728T113900Z,2025-08-20T15:31:11
2025-09-07T07:05:43.021Z,https://www.athome.lu/fr/vente/terrain/kehmen/id-8714742.html,298200,,https://static.athome.lu/6f/9f/48/3334d97bfd560a995bc9fe13e11e38e97c22e6b6.jpg,"Haaptstrooss, Kehmen, Bourscheid, Nord, Luxembourg",4.26,,"Opportunité Exceptionnelle à Ne Pas Manquer !   Home Project SA vous propose une magnifique place à bâtir de 4,26 ares (lot n°5) pour la construction d'une maison unifamiliale isolée.  Atouts principaux :  * Orientation plein sud : Profitez d'une luminosité optimale toute la journée ! * Terrain proposé avec ou sans contrat de construction, selon vos préférences. * Emplacement de choix dans un cadre paisible et résidentiel. Construisez la maison de vos rêves sur ce terrain idéalement situé !  Außergewöhnliche Gelegenheit, die Sie nicht verpassen sollten!   Home Project SA bietet Ihnen ein wunderschönes Baugrundstück von 4,26 Ar (Los Nr. 5) für den Bau eines freistehenden Einfamilienhauses.  Hauptvorteile :  * Südausrichtung: Genießen Sie den ganzen Tag über optimale Lichtverhältnisse! * Grundstück wird mit oder ohne Bauvertrag angeboten, je nach Ihren Vorlieben. * Erstklassige Lage in einer friedlichen Wohngegend. Bauen Sie Ihr Traumhaus auf diesem ideal gelegenen Grundstück!  An exceptional opportunity not to be missed!   Home Project SA offers you a magnificent building plot of 4.26 ares (lot n°5) for the construction of a detached single-family home.  Key features:  * South-facing: Enjoy optimum light all day long! * Land available with or without a building contract, depending on your preferences. * Prime location in a peaceful residential setting. Build the home of your dreams on this ideally located plot!",HOME PROJECT S.A.,35227861657,info@home-project.lu,,20250728T114040Z,2025-08-20T15:31:11
2025-09-07T07:05:49.364Z,https://www.athome.lu/fr/vente/terrain/kehmen/id-8714748.html,284900,,https://static.athome.lu/cf/9f/48/3334d97bfd560a995bc9fe13e11e38e97c22e6b6.jpg,"Haaptstrooss, Kehmen, Bourscheid, Nord, Luxembourg",4.07,,"Opportunité Exceptionnelle à Ne Pas Manquer !   Home Project SA vous propose une magnifique place à bâtir de 4,07 ares (lot n°6) pour la construction d'une maison unifamiliale isolée.  Atouts principaux :  * Orientation plein sud : Profitez d'une luminosité optimale toute la journée ! * Terrain proposé avec ou sans contrat de construction, selon vos préférences. * Emplacement de choix dans un cadre paisible et résidentiel. Construisez la maison de vos rêves sur ce terrain idéalement situé !  Außergewöhnliche Gelegenheit, die Sie nicht verpassen sollten!   Home Project SA bietet Ihnen ein wunderschönes Baugrundstück von 4,07 Ar (Los Nr. 6) für den Bau eines isolierten Einfamilienhauses an.  Hauptvorteile :  * Südausrichtung: Genießen Sie den ganzen Tag über optimale Lichtverhältnisse! * Grundstück wird mit oder ohne Bauvertrag angeboten, je nach Ihren Vorlieben. * Erstklassige Lage in einer friedlichen Wohngegend. Bauen Sie Ihr Traumhaus auf diesem ideal gelegenen Grundstück!  An exceptional opportunity not to be missed!   Home Project SA offers you a magnificent building plot of 4.07 ares (lot n°6) for the construction of a detached single-family home.  Main assets:  * South-facing: Enjoy optimum light all day long! * Land available with or without a building contract, depending on your preferences. * Prime location in a peaceful residential setting. Build the home of your dreams on this ideally located plot!",HOME PROJECT S.A.,35227861657,info@home-project.lu,,20250728T114444Z,2025-08-28T08:40:05
2025-09-07T07:05:53.783Z,https://www.athome.lu/fr/vente/garage-parking/marnach/id-8744369.html,21500,,https://static.athome.lu/1b/d6/58/c02b61fcf904b55977a1cf00d4791da677cfda5d.jpg,"5 Dosberstrooss, Marnach, 9763, Clervaux, Nord, Luxembourg",14.28,,"3 emplacements intérieurs à vendre dans la résidence ""Belle-Vue"" à Marnach.  Prix par emplacement = 21.500 €  Pour tout renseignement complémentaire ou information détaillée, veuillez nous contacter par mail : info@immonord.lu ou par tél : 26 811 911 1.  Proposition de crédit/financement à taux compétitif auprès d'une banque Luxembourgeoise incluse dans nos services gratuits et complets 'SOLUTIONS ALL IN ONE'. Nous nous occupons de votre dossier. Laissez un ancien banquier expérimenté négocier votre demande de crédit immobilier au meilleur taux.",IMMO-NORD KARTHEISER S.A.,35227860240,portail@immonord.lu,,20250822T124006Z,2025-09-06T11:15:27
2025-09-07T07:05:57.281Z,https://www.athome.lu/fr/vente/terrain/rambrouch/id-8111374.html,298000,,https://static.athome.lu/e0/5c/b7/2812f645cc92586ba6102ba7503af83568d2acad.jpg,"Rambrouch, Rambrouch, Ouest, Luxembourg",3.85,,"Terrain à bâtir  3 are 85 centiares  situé  dans le village calme de WOLWELANGE situé dans la commune de RAMBROUCH? Il se trouve dans un écrin de verdure, proche de toute commodité,  Le terrain est vendu sans contrat de construction ..  Possibilité de faire construire la maison avec autorisation  de construire avec le promoteur.",ACTUEL IMMOBILIERE SARL,+352621.981.321,actuel@pt.lu,,20240207T221413Z,2025-09-06T02:29:50
2025-09-07T07:06:00.619Z,https://www.athome.lu/fr/vente/garage-parking/mersch/id-7833864.html,15500,,https://static.athome.lu/80/98/77/40e4c29fc7f6253ba35c4c429a41bf3195951d9c.jpg,"NC, Mersch, 7570, Mersch, Centre, Luxembourg",15,,"Emplacement extérieur à vendre à Mersch, rue Nicolas Welter.
 
 
 A proximité de toutes commodités à l'arrière d'une résidence bien entretenue.
 Gare à 12 minutes à pied.    ----------  Außenstellplatz in Mersch, rue Nicolas Welter, zu verkaufen.
 
 
 In der Nähe aller Annehmlichkeiten auf der Rückseite einer gepflegten Wohnanlage.
 Bahnhof 12 Minuten zu Fuß entfernt.    ----------  Outdoor pitch for sale in Mersch, rue Nicolas Welter.
 
 
 Close to all amenities at the rear of a well-kept residence.
 Train station 12 minutes' walk away.",Agence Immobilière Toussaint Abby s.à.r.l,35227869616,info@confiance.lu,,20230207T145801Z,2025-09-05T16:02:22
2025-09-07T07:06:04.258Z,https://www.athome.lu/fr/vente/garage-parking/luxembourg/id-8450982.html,38500,,https://static.athome.lu/6a/3f/08/ed2e38989a8879b98e000bdf1c824f3ca1818c1e.jpg,"NC, Luxembourg-Centre ville, 2273, Luxembourg, Centre, Luxembourg",12.72,,"4-4a, rue de l'ouest à Luxembourg
 
 1 emplacement sur ascenseur de 12,72m2
 
 Sis au sous-sol d'une résidence soignée, à quelques pas du Centre Hospitalier
 
 Actuellement loué à 100€ par mois    ----------  4-4a, rue de l'ouest in Luxemburg
 
 1 Stellplatz mit Aufzug von 12,72m2
 
 Im Untergeschoss einer gepflegten Wohnanlage gelegen, nur wenige Schritte vom Centre Hospitalier entfernt
 
 Derzeit vermietet für 100€ pro Monat    ----------  4-4a, rue de l'ouest, Luxembourg
 
 1 elevator pitch of 12.72m2
 
 Located in the basement of a well-kept residence, a few steps from the Centre Hospitalier
 
 Currently rented at €100/month",Agence Immobilière Toussaint Abby s.à.r.l,35227869616,info@confiance.lu,,20250116T150021Z,2025-09-05T16:02:22
2025-09-07T07:06:08.449Z,https://www.athome.lu/fr/vente/appartement/belval/id-8556014.html,265000,,https://static.athome.lu/ee/d8/28/6feb484741e2f7a7e40d94894149c846710f7873.jpg,"Belval, Sanem, Sud, Luxembourg",18,,"*** BELVAL ***  L'Agence Real Estate vous propose un très joli studio de +/-18m², situé dans la résidence étudiante ""Galiliéo"" à Belval.  Il se compose comme suit :  - 1 grande pièce à vivre.  - 1 Kitchenette équipée complète ce bien. - 1 salle de douche avec douche italienne, lavabo et WC.  Ce studio vendu meublé est pensé pour les étudiants avec son optimisation des espaces de rangement.   Pour toute information complémentaire ou pour visiter ce bien, contactez : Thierry BONNET - Tél: (+352) 621 496 219 // E-mail: ettelbruck@are.lu  Groupe immobilier N°1 au Luxembourg. Nos agences de proximité se tiennent à votre entière disposition.  Profitez de notre expérience, depuis 2008 nous sommes à l'écoute de nos clients en leur proposant toujours plus d'avantages ainsi qu'un service premium! Découvrez notre Pack 'Home' autour d'un café!  www.are.lu (Renseignement en agence)",L'AGENCE Real Estate Bereldange,621496270,immolorluxembourg@gmail.com,,20250404T161808Z,2025-08-29T11:05:29
2025-09-07T07:06:11.831Z,https://www.athome.lu/fr/vente/garage-parking/luxembourg/id-8062212.html,45000,,https://static.athome.lu/40/50/b7/827c4bee926915b270c2720da38343ca3daaf79c.jpg,"Luxembourg-Cents, Luxembourg, Centre, Luxembourg",15,,"à Luxembourg-Cents 'op der Heed'  trouvez cet emplacement (parklift à 4 voitures), dans un parking souterrain, muni d?une pente chauffée, garantissant ainsi un accès facile en période hivernale,   Attention hauteur du véhicule limitée à 160 cm et un poids de 2000 kgs max.!  Disponible de suite!",IMMOSOLUTIONS,691500677,callback@immosolutions.lu,,20231123T140919Z,2025-09-06T04:51:15
2025-09-07T07:06:15.351Z,https://www.athome.lu/fr/vente/bureau/niederkorn/id-6398232.html,140000,,https://static.athome.lu/81/1a/16/abb83afa270c1cfe6da5db5749e3a0d2fce0425d.jpg,"Niederkorn, Differdange, Sud, Luxembourg",14,,"Accord Immobilière vous propose à la vente un bureau indépendant idéalement situé au deuxième étage de la résidence Liliana à Niederkorn.  Ce bureau lumineux, d'une superficie de 14 m², se trouve dans une résidence récente implantée sur l'Avenue de la Liberté, bénéficiant d'une excellente accessibilité et d'un emplacement stratégique.  Idéal pour toute société souhaitant s'implanter au Sud du Luxembourg, ce bien fait partie d'un ensemble de bureaux totalisant environ 293,34 m², répartis entre le rez-de-chaussée, le premier et le deuxième étage d'un immeuble récent. Pour votre confort, chaque plateau offre une kitchenette et des WC séparés.  Le futur propriétaire profitera également d'un immeuble moderne équipé d'un câblage internet haut débit et de la fibre optique, assurant une connectivité optimale pour ses activités professionnelles.  Prix de vente : 140 000 €  Pour toute information complémentaire ou pour organiser une visite, contactez notre équipe au 26 58 01 75 -1 ou par e-mail à info@accord-immo.lu",Accord Immobilière,+352 26 58 01 75 1,info@accord-immo.lu,,20190613T163507Z,2025-09-06T02:30:06
2025-09-07T07:06:18.880Z,https://www.athome.lu/fr/vente/garage-parking/luxembourg/id-7959312.html,49000,,https://static.athome.lu/01/37/97/c819e595dd1a7746c76943fc3289934bdcd3172e.jpg,"3 rue du Cimetière, Luxembourg-Bonnevoie, 1338, Luxembourg, Centre, Luxembourg",15,,"Mandat Exclusif Nexvia   Emplacement de parking intérieur dans le sous-sol d'une résidence située au centre de Bonnevoie, à côté de l'église.  Dimensions : 14,75 m² (2,5 m x 5,9 m) Accès par ascenseur (dimensions 2,4 m x 5,7 m - poids maximum 2.000 Kg) avec télécommande.  Disponibilité : Immédiate  Toute offre sur ce bien restera conditionnée à l'acceptation expresse par le(s) propriétaire(s).  - ENGLISH VERSION -  Nexvia Exclusive Mandate  Indoor parking place in the basement of a residence located in the center of Bonnevoie, next to the church.  Dimensions: 14.75 m² (2.5 m x 5.9 m) Access by elevator (dimensions 2.4 m x 5.7 m - maximum weight 2,000 Kg) with remote control.  Availability: Immediate   Any offer on this property will remain subject to the express acceptance by the owner(s).",Nexvia,35227867841,hello@nexvia.lu,,20230620T164506Z,2025-09-02T10:19:53
2025-09-07T07:06:22.727Z,https://www.athome.lu/fr/vente/garage-parking/esch-sur-alzette/id-8100322.html,40000,,https://static.athome.lu/2e/99/b7/eebb7f3968487bffbaa9135ef3ee361afc7796ab.jpg,"Esch-sur-Alzette, Esch-sur-Alzette, Sud, Luxembourg",13,,"En plein centre-ville de Esch-sur-Alzette, à seulement quelques minutes à pied de la rue principale de l'Alzette, votre agence immobilière Unicorn vous propose à la vente un emplacement de parking dans une nouvelle résidence entièrement sécurisée, située au 44 rue du Canal.   La localisation offre un accès facile à une variété de commodités telles que les écoles, les universités, les centres commerciaux et les installations de transport. La proximité du Lycée et de l'Université de Luxembourg, ainsi que la facilité d'accès au centre de Belval et aux moyens de transport, rendent la localisation pratique pour les déplacements quotidiens.   Implanté directement au sous-sol d'une nouvelle résidence, cet emplacement de parking peut trouver facilement un locataire en manque de stationnement. Investissement idéal avec un rendement locatif intéressant.   Construction en cours  Disponible début d'année 2025  Prix de vente HTVA  Pour plus de renseignements n'hésitez pas à nous contacter au +352 26 54 17 17.  Right in the city-center of Esch-sur-Alzette, just a few minutes' walk from the main Alzette street, your Unicorn real estate agency is offering a parking space for sale in a new and fully-secured residence at 44 rue du Canal.   The location offers easy access to a variety of infrastuctures such as schools, universities, shopping centers and transportation facilities. Proximity to the Lycée and the University of Luxembourg, as well as easy access to the center of Belval and to means of transport, make the location convenient for daily commuting.   Located directly in the basement of a new  residence, this parking space can easily find a tenant in need of parking. An ideal investment with an attractive yield.   Under construction - Available end of 2024.   For further information, please contact us on +352 26 54 17 17.",UNICORN Sàrl,+352 26 54 17 17,info.unicorn.lu@gmail.com,,20240124T101204Z,2025-08-25T09:51:26
2025-09-07T07:06:26.376Z,https://www.athome.lu/fr/vente/terrain/dahlem/id-8700905.html,498000,,https://static.athome.lu/9e/3c/48/1315bb6f084314cb85a39b849cd9c1b6192a5c9d.jpg,"Dahlem, Garnich, Ouest, Luxembourg",4.07,,"À vendre : Terrain à bâtir à Dahlem.  Nous vous proposons un magnifique terrain constructible situé à Dahleim, commune de Garnich, offrant un cadre de vie calme et verdoyant.  Superficie : 4.07 ares , dans une zone résidentielle, orientation Sud. Réseaux : eau, électricité et tout-à-l'égout disponibles à proximité .   Proximité : Écoles, transports publics et espaces verts à quelques minutes à pied.  Ce terrain est idéal pour la construction de votre future maison, offrant un cadre de vie agréable et calme tout en étant proche des axes principaux pour rejoindre rapidement la ville de Luxembourg (15km),  Strassen et Bertrange (12km)   Les frais d'agence sont inclus dans le prix de vente et sont à charge du vendeur.   Pour toute demande de visite ou informations complémentaires, n'hésitez pas à nous contacter au 265341 ou directement notre agent Mme VEIGAS au 621 505 621 ou par mail: cristina.veigas@cl-immo.lu",CL IMMOBILIERE,35227869666,cristina.veigas@cl-immo.lu,,20250718T105023Z,2025-07-18T18:41:32
2025-09-07T07:06:33.386Z,https://www.athome.lu/fr/vente/garage-parking/luxembourg/id-8456263.html,155000,,https://static.athome.lu/74/80/18/703799d7b75d271787d40fea7c6d66d17d672644.jpg,"Grand-Rue, Luxembourg-Centre ville, Luxembourg, Centre, Luxembourg",10.05,,"Exclusivité: 3 emplacements parking dans un petit parking privé et sécurisé.
 Au sou sol de l'immeuble situé au coin, 86 Grand-Rue et 11, rue Aldringen.",M2 S.A.,35227869819,claude.peiffer@immom2.com,,20250120T120141Z,2025-09-03T03:18:22
2025-09-07T07:06:36.777Z,https://www.athome.lu/fr/vente/garage-parking/strassen/id-8516699.html,55000,,https://static.athome.lu/b5/4f/18/5fbc11eacc09c1e65f3f304dfe628a7acaae1cd0.jpg,"206 Route d'Arlon, Strassen, 8010, Strassen, Centre, Luxembourg",13.4,,"Wiesenbach Immobilière vous propose à la vente un emplacement intérieur à Strassen, 206, route d'Arlon L-8010 STRASSEN, dans la ""Résidence Florence et Letuce"" en face du Pizza Hut. Plus précisément, nous avons trois places de parking à vendre, deux à l'intérieur et une à l'extérieur. Il est bien sûr possible d'acheter les trois ensemble.  Des arrêts de bus se trouvent à proximité. Un emplacement idéal pour vos déplacements en ville ou si vous travaillez dans les environs. Ce parking vous offre une solution pratique et se trouve à proximité des principaux axes routiers.  N'hésitez pas à nous contacter pour tout renseignement supplémentaire ou pour un rendez-vous, soit par mail à info@wiesenbach.lu, soit par téléphone au numéro +352 20 60 969.",Wiesenbach Immobilière S.à.r.l.,35227869317,info@wiesenbach.lu,,20250306T132533Z,2025-09-06T07:12:48
2025-09-07T07:06:40.730Z,https://www.athome.lu/fr/vente/garage-parking/strassen/id-8516704.html,40000,,https://static.athome.lu/06/4f/18/a8b1114068111b56191c4ff9d7b6d04a09f54331.jpg,"206 Route d'Arlon, Strassen, 8010, Strassen, Centre, Luxembourg",12.5,,"Wiesenbach Immobilière vous propose à la vente un emplacement extérieur à Strassen, 206, route d'Arlon L-8010 STRASSEN, dans la ""Résidence Florence et Letuce"" en face du Pizza Hut. Plus précisément, nous avons trois places de parking à vendre, deux à l'intérieur et une à l'extérieur. Il est bien sûr possible d'acheter les trois ensemble.  Des arrêts de bus se trouvent à proximité. Un emplacement idéal pour vos déplacements en ville ou si vous travaillez dans les environs. Ce parking vous offre une solution pratique et se trouve à proximité des principaux axes routiers.  N'hésitez pas à nous contacter pour tout renseignement supplémentaire ou pour un rendez-vous, soit par mail à info@wiesenbach.lu, soit par téléphone au numéro +352 20 60 969.",Wiesenbach Immobilière S.à.r.l.,35227869317,info@wiesenbach.lu,,20250306T133352Z,2025-09-06T07:12:48
2025-09-07T07:06:44.151Z,https://www.athome.lu/fr/vente/commerce/luxembourg/id-8754501.html,25000,,https://static.athome.lu/54/59/58/75eb45aa04ebf2519f8c63f25390b89b29c8941a.jpg,"Luxembourg-Centre ville, Luxembourg, Centre, Luxembourg",4.8,,"PAUL Franck, des établissements KELLER WILLIAMS (contact direct 691 65 70 74), vous propose à la vente un dépôt (cave) de 4,80 M2 en plein centre ville de Luxembourg. 
 
 Les particularités de ce bien sont les suivantes: 
 
 - Cave en sous-sol, sèche et sécurisée ( des oeuvres d'art d'art y étaient entreposées par le passé)
 - Lieu parfait pour des archives ou des objets 
 - 4,80 M2 au sol
 - Hauteur sous plafond 2,5 mètres 
 - Pas de fenêtres 
 - Accès via entrée principale 
 
 Enfin, il est possible de louer ce local pour environ 100 euros par mois hors charges.
 
 N'hésitez pas à me contacter au 691 65 70 74 pour plus d'information et/ou une visite de ce bien.   ----------  PAUL Franck, from KELLER WILLIAMS (direct contact 691 65 70 74), is offering for sale a 4.80 M2 cellar in the heart of Luxembourg city.
 
 This property has the following features:
 
 - Basement cellar, dry and secure (works of art were stored here in the past).
 - Perfect place for archives or objects
 - 4.80 M2 floor space
 - Ceiling height 2.5 meters
 - No windows
 - Access via main entrance
 
 Finally, it is possible to rent this space for around 100 euros per month.
 
 Please do not hesitate to contact me on 691 65 70 74 for further information and/or a viewing of this property.",Keller Williams Luxembourg,35227869586,select@kwluxembourg.com,,20250830T191517Z,2025-09-04T14:02:43
2025-09-07T07:06:47.827Z,https://www.athome.lu/fr/vente/garage-parking/luxembourg/id-8657139.html,48000,,https://static.athome.lu/3f/81/48/e2fd9408ce9b0a3f31c125489723f3696d059132.jpg,"10, Rue Jean Engling, Luxembourg-Dommeldange, 1466, Luxembourg, Centre, Luxembourg",16,,"Veuillez contacter  pour de plus amples informations:
 +352 661 521 730
 mathieu.bossennec@kwluxembourg.com
 
 Nous vous proposons à la vente un emplacement de parking extérieur situé au 10, rue Jean Engling à Dommeldange, à moins de 2 km de la gare de Dommeldange.",Keller Williams Luxembourg,35227869586,mathieu.bossennec@kwluxembourg.com,,20250617T130653Z,2025-09-04T14:02:43
2025-09-07T07:06:51.258Z,https://www.athome.lu/fr/vente/garage-parking/belvaux/id-8728454.html,49000,,https://static.athome.lu/68/f2/58/e5fd8aaa3036202489ef3393ed677461893d9c1d.jpg,"NC, Belvaux, 4408, Sanem, Sud, Luxembourg",13,,"Veuillez contacter Mathieu Bossennec pour de plus amples informations:
 +352 661 521 730
 mathieu.bossennec@kwluxembourg.com
 
 C’est au cœur de Belvaux, à seulement 5 minutes de Belval, que nous vous proposons à la vente cet emplacement de parking intérieur, situé dans une résidence récente, sécurisée et parfaitement entretenue.
 
 Que vous soyez résident du quartier ou investisseur à la recherche d’un bien pratique et sans souci, cet emplacement constitue une opportunité intéressante, dans une zone où le stationnement devient de plus en plus recherché.
 
 N'hésitez pas à nous contacter pour toute information complémentaire.
 
 Toute offre sera transmise aux propriétaires et restera soumise à leur acceptation expresse.",Keller Williams Luxembourg,35227869586,mathieu.bossennec@kwluxembourg.com,,20250808T125349Z,2025-09-04T14:02:43
2025-09-07T07:06:55.550Z,https://www.athome.lu/fr/vente/garage-parking/luxembourg/id-8753058.html,100000,,https://static.athome.lu/2a/f8/58/1b9f4940976155b4c0a98124aca5e1e7b422aaa3.jpg,"43, Boulevard Prince Henri, Luxembourg-Centre ville, 1724, Luxembourg, Centre, Luxembourg",15.4,,"Adresse : 43 Boulevard Prince Henri, Luxembourg-Ville Localisation exceptionnelle :
 Situé en plein centre de Luxembourg-Ville, cet emplacement intérieur offre une accessibilité incomparable, idéal pour stationner en toute tranquillité dans un des quartiers les plus recherchés de la capitale.
 
 Caractéristiques :
 
 Emplacement spacieux, adapté à tout type de véhicule.
 Sécurisé et facilement accessible.
 Localisation parfaite à proximité immédiate des commerces, bureaux et institutions.
 ðŸ‘‰ Une opportunité rare dans ce secteur prisé !
 Pour plus d'information 621540054",Keller Williams Luxembourg,35227869586,select@kwluxembourg.com,,20250829T114354Z,2025-09-04T14:02:43
2025-09-07T07:19:03.022Z,https://www.athome.lu/fr/vente/garage-parking/belval/id-8728453.html,49000,,https://static.athome.lu/58/f2/58/e5fd8aaa3036202489ef3393ed677461893d9c1d.jpg,"NC, Belval, Sanem, Sud, Luxembourg",13,,"Veuillez contacter Mathieu Bossennec pour de plus amples informations:
 +352 661 521 730
 mathieu.bossennec@kwluxembourg.com
 
 C’est au cœur de Belvaux, à seulement 5 minutes de Belval, que nous vous proposons à la vente cet emplacement de parking intérieur, situé dans une résidence récente, sécurisée et parfaitement entretenue.
 
 Que vous soyez résident du quartier ou investisseur à la recherche d’un bien pratique et sans souci, cet emplacement constitue une opportunité intéressante, dans une zone où le stationnement devient de plus en plus recherché.
 
 N'hésitez pas à nous contacter pour toute information complémentaire.
 
 Toute offre sera transmise aux propriétaires et restera soumise à leur acceptation expresse.",Keller Williams Luxembourg,35227869586,mathieu.bossennec@kwluxembourg.com,,20250808T125341Z,2025-09-04T14:02:43
2025-09-07T07:19:06.097Z,https://www.athome.lu/fr/vente/garage-parking/luxembourg/id-8671172.html,75000,,https://static.athome.lu/4c/f4/48/caa09d362fe15d5f18743e748e24f3955fb1147f.jpg,"Avenue Pasteur, Luxembourg-Limpertsberg, 2311, Luxembourg, Centre, Luxembourg",12,,"***** Contact direct : Jacky BILONG . Tel: 00352 661 778 888 *****  CENTURY 21 Spécialiste de l'immobilier au LUXEMBOURG vous propose à la vente une place de Parking intérieur située au cœur de l'un des quartiers les plus prisés au luxembourg (Limpertsberg). Il est à deux pas de toutes les commodités des transports en commun, des commerces, de la poste et de plusieurs cabinets médicaux.  Accès sécurisé et pratique.  Intéressé, contactez sans tarder Jacky BILONG votre agent de proximité century 21 pour organiser une visite ou obtenir plus d'informations.  Tel: 00352 661 778 888  NOTE:  La comission d'dagence est de 5000 euros ( cinq mille Euros )partagée entre propriétaire et achéteur a hauteur de 50% / 50%      l",Century 21,352691215579,daniel.madaras@icloud.com,,20250626T105941Z,2025-09-06T16:23:36
2025-09-07T07:19:09.140Z,https://www.athome.lu/fr/vente/garage-parking/luxembourg/id-7969426.html,151000,,https://static.athome.lu/29/a9/97/1b0ad0c7b674ad442d4c057c483dc9a908ca9a10.jpg,"NC, Luxembourg-Centre ville, Luxembourg, Centre, Luxembourg",16,,"!!!   NOUVEAU PRIX  !!!
 
 
 BELARDIMMO vous propose à vendre un garage fermé très bien localisé, à BELAIR, à quelques minutes à pied du centre-ville de Luxembourg.
 
 Le garage fermé est au rez-de-chaussée d’une résidence avec accès sécurisé.
 
 La résidence se situe à la Rue Albert 1er, au numéro 4. 
 Proche de toutes commodités, ainsi que des transports communs direction le quartier du Kirchberg, du quartier de la Cloche d’Or, du quartier de Luxembourg Gare, mais surtout à 5 minutes à pied du centre de la ville de Luxembourg, la localisation s’adapte parfaitement aux besoins de logistiques de chacun.
 
 Le garage est disponible de suite !
 
 Pour plus d'informations veuillez vous adresser à Monsieur Belardi au +352 621367853",Belardimmo,352621631841,belardialfonso@gmail.com,,20230704T154657Z,2025-08-20T16:23:06
2025-09-07T07:19:12.389Z,https://www.athome.lu/fr/vente/garage-parking/luxembourg/id-7969427.html,151000,,https://static.athome.lu/39/a9/97/07e528ea4736959f4b9157fcba9f946acdea5ce0.jpg,"NC, Luxembourg-Belair, Luxembourg, Centre, Luxembourg",16,,"GARAGE FERMÉ À VENDRE-LUXEMBOURG-BELAIR
 BELARDIMMO vous propose à vendre un garage fermé très bien localisé, à BELAIR, à quelques minutes à pied du centre-ville de Luxembourg.
 
 Le garage fermé est au rez-de-chaussée d’une résidence avec accès sécurisé.
 
 La résidence se situe à la Rue Albert 1er, au numéro 4. 
 Proche de toutes commodités, ainsi que des transports communs direction le quartier du Kirchberg, du quartier de la Cloche d’Or, du quartier de Luxembourg Gare, mais surtout à 5 minutes à pied du centre de la ville de Luxembourg, la localisation s’adapte parfaitement aux besoins de logistiques de chacun.
 
 Le garage est disponible de suite !
 
 Pour plus d'informations veuillez-vous adresser à Monsieur Kempf au +352 631 841   ----------  GESCHLOSSENE GARAGE ZUM VERKAUF-LUXEMBOURG-BELAIR
 BELARDIMMO bietet Ihnen eine geschlossene Garage in sehr guter Lage in BELAIR, nur wenige Gehminuten vom Stadtzentrum Luxemburgs entfernt, zum Verkauf an.
 
 Die geschlossene Garage befindet sich im Erdgeschoss einer Wohnanlage mit gesichertem Zugang.
 
 Die Residenz befindet sich in der Rue Albert 1er, Nummer 4.
 In der Nähe aller Annehmlichkeiten sowie der öffentlichen Verkehrsmittel in Richtung des Kirchberg-Viertels, des Viertels Cloche d'Or, des Viertels Luxembourg Gare, aber vor allem nur 5 Minuten zu Fuß vom Zentrum der Stadt Luxemburg entfernt, passt sich die Lage perfekt an die logistischen Bedürfnisse eines jeden an.
 
 Die Garage ist ab sofort verfügbar!
 
 Für weitere Informationen wenden Sie sich bitte an Herrn Kempf unter +352 631 841.   ----------  CLOSED GARAGE FOR SALE-LUXEMBOURG-BELAIR
 BELARDIMMO offers for sale a very well-located closed garage in BELAIR, just a few minutes' walk from downtown Luxembourg.
 
 The closed garage is on the first floor of a residence with secure access.
 
 The residence is located at Rue Albert 1er, number 4.
 Close to all amenities, as well as public transport to the Kirchberg district, the Cloche d'Or district, the Luxembourg Gare district, but above all a 5-minute walk from the center of Luxembourg city, the location is perfectly suited to everyone's logistical needs.
 
 The garage is available immediately!
 
 For further information, please contact Mr Kempf on +352 631 841.",Belardimmo,352621631841,belardialfonso@gmail.com,,20230704T154712Z,2025-08-20T16:23:06
2025-09-07T07:19:15.230Z,https://www.athome.lu/fr/vente/garage-parking/luxembourg/id-8648528.html,84000,,https://static.athome.lu/05/7f/38/ac9e2e26b206b8a3b9d598fa405dbade5f5ceff1.jpg,"10, Rue Ry Boissaux, Luxembourg-Gasperich - Cloche d'or, 1415, Luxembourg, Centre, Luxembourg",15,,"Opportunité à saisir !
 
 Nous vous proposons à la vente un garage box fermé de 15m2, idéalement situé, tout près de la gare et du tram (+/− 1km), et arrêt de bus (+/− 100m).
 Ce garage offre un excellent rapport qualité/prix, que ce soit pour une voiture, du stockage ou investissement.
 
 Caractéristiques principales :
 
 Type : Garage box fermé avec porte manuelle
 Isolation thermique/acoustique du plafond récente (2023) 
 Plafond haut (idéal pour stockage supplémentaire)
 4 prises électriques ( pratique pour outillage ou vélo électrique...) et illumination
 Bail emphytéotique avec le fonds du logement jusqu’au 31 mai 2094
 Redevance annuelle du bail : 140 € seulement
 Disponible de suite
 Accès facile et emplacement recherché
 
 Prix : 84.000€
 
 Pour plus d’informations ou organiser une visite contactez-moi dès maintenant au 00352 621 25 52 62 ( Mme Frantz Corinne)",DAN BECK Immobilière,35227860232,hello@beckimmo.lu,,20250611T181009Z,2025-09-02T18:00:06
2025-09-07T07:19:18.178Z,https://www.athome.lu/fr/vente/garage-parking/capellen/id-8389731.html,9000,,https://static.athome.lu/36/40/08/ec7f7f9329aae41de8b72e996a34e48fd690460f.jpg,"NC, Capellen, 8311, Mamer, Ouest, Luxembourg",12.5,,"Immo Partner vous prépose en exclusivité 2 emplacements extérieurs a vendre:
 lot 019 et lot 020.
 Ce biens se trouve dans ce Lotissement.
 
 Emplacement extérieur d'une résidence située à route d'Arlon à Capellen
 
 Les honoraires de l'agence sont aux frais du vendeur.   ----------  Immo Partner exclusively offers you 2 outdoor parkings for sale:
 lot 019, lot 020, lot 021 and lot 022.
 This property is located in this subdivision.
 
 Outdoor parkings at the rear of a residence located on route d'Arlon in Capellen
 
 The agency's fees are at the seller's expense.",Immopartner Luxembourg,+352 621 782 758,immo@mproductions.lu,,20241110T210026Z,2025-09-05T13:40:34
2025-09-07T07:19:21.433Z,https://www.athome.lu/fr/vente/garage-parking/bereldange/id-8413598.html,19000,,https://static.athome.lu/e9/16/08/af0d947451d2228a6f6a1a6c6f2047cd09ce56b6.jpg,"26, Rue du Dix Octobre, Bereldange, 7243, Walferdange, Centre, Luxembourg",12,,"A vendre place de parking extérieur à Bereldange. 
 
 Cette place de parking extérieur d'une surface d'environ 12m2 fait partie de la résidence LONE situé au 26, rue du dix Octobre à Bereldange. 
 
 L'agence property* vous propose des objets sélectionnés et adaptés à vos besoins.
 
 N'hésitez pas à consulter notre site www.property.lu pour découvrir nos autres biens ou de nous contacter directement au : 26 86 13.
 
 Si vous avez un bien à vendre ou à louer, l'agence property* est la seule agence à offrir des annonces professionnelles ainsi qu'un service hors du commun afin de présenter votre objet immobilier aussi bien qu'il le mérite.
 
 Les frais d'agence sont à charge du vendeur.   ----------  For sale outdoor parking space in Bereldange. 
 
 This outdoor parking space of approximately 12sqm is part of the LONE residence located at 26, rue du dix Octobre in Bereldange. 
 
 The property* agency offers you selected objects adapted to your needs.
 
 Do not hesitate to visit our website www.property.lu to discover our other properties or to contact us directly at : 26 86 13.
 
 If you have a property to sell or to rent, property* is the only agency that offers professional advertisements as well as an outstanding service to present your property as well as it deserves.
 
 The agency fees are charged to the seller.",Property SA,35227860048,info@property.lu,,20220127T002629Z,2025-08-29T10:29:32
2025-09-07T07:19:24.137Z,https://www.athome.lu/fr/vente/garage-parking/mondorf-les-bains/id-8364371.html,45000,,https://static.athome.lu/35/1a/f7/300b4827d24a888f40b5629609b98b5efd3c253f.jpg,"NC, Mondorf-Les-Bains, Mondorf-Les-Bains, Est, Luxembourg",12.5,,Belardimmo vous propose en exclusivité une place de parking en plein centre de Mondorf-les-Bains située dans une résidence sécurisée avec descente de garage dégivrante utile en Hiver.,,,,,,
 ,,,,,,,,,,,,,,
 La place de parking est au sous sol d'une des résidence située place des Villes Jumelées.,,,,,,,,,,,,,,
 ,,,,,,,,,,,,,,
 Pour plus d'informations contactez David Kempf au 00 352 621 631 841 ou par mail David.kempf16@gmail.com,Belardimmo,352621631841,david.kempf16@gmail.com,,20241016T093201Z,2025-08-20T16:23:06,,,,,,,,
2025-09-07T07:19:27.385Z,https://www.athome.lu/fr/vente/garage-parking/luxembourg/id-8617604.html,99000,,https://static.athome.lu/48/e7/38/01d4cfaf0c1c070e59f9fcc59ee96653d268d09f.jpg,"18, Rue du Laboratoire, Luxembourg-Bonnevoie, Luxembourg, Centre, Luxembourg",15,,"Property Invest City vous propose en exclusivité un emplacement de parking d'une surface de ±15m2 au rez-de-chaussée d'un immeuble sis 18, Rue du Laboratoire, L-1911 Luxembourg.
 
 L'emplacement est libre d'occupation.
 
 Cet emplacement dispose d'un accès direct à la Rue de Laboratoire et se situe juste en face du service technique de la ville. Il est idéalement localisé et accessible à pied pour les personnes qui travaillent au centre-ville, à la gare ou les quartiers alentours. 
 
 Veuillez nous contacter par téléphone au +352 661 793 501 ou par email au a.degroote@propertyinvest.lu   ----------  Property Invest City is exclusively selling a ±15m2 parking space on the ground floor of a building located at 18, Rue du Laboratoire, L-1911 Luxembourg.
 
 The parking space is unoccupied.
 
 The parking space has direct access to Rue de Laboratoire and is located directly opposite the city's technical service. It is ideally located and within walking distance for people working in the city centre, the station or the surrounding areas.
 
 Please contact us by telephone on +352 661 793 501 or by email at a.degroote@propertyinvest.lu", Property Invest,352661127777,a.degroote@propertyinvest.lu,,20250520T214536Z,2025-08-14T13:31:13
2025-09-07T07:19:30.609Z,https://www.athome.lu/fr/vente/garage-parking/luxembourg/id-8616719.html,99000,,https://static.athome.lu/f0/b7/38/01d4cfaf0c1c070e59f9fcc59ee96653d268d09f.jpg,"NC, Luxembourg-Centre ville, Luxembourg, Centre, Luxembourg",15,,"Property Invest City vous propose en exclusivité un emplacement de parking d'une surface de ±15m2 au rez-de-chaussée d'un immeuble sis 18, Rue du Laboratoire, L-1911 Luxembourg.
 
 L'emplacement est libre d'occupation.
 
 Cet emplacement dispose d'un accès direct à la Rue de Laboratoire et se situe juste en face du service technique de la ville. Il est idéalement localisé et accessible à pied pour les personnes qui travaillent au centre-ville, à la gare ou les quartiers alentours. 
 
 Veuillez nous contacter par téléphone au +352 661 793 501 ou par email au a.degroote@propertyinvest.lu   ----------  Property Invest City is exclusively selling a ±15m2 parking space on the ground floor of a building located at 18, Rue du Laboratoire, L-1911 Luxembourg.
 
 The parking space is unoccupied.
 
 The parking space has direct access to Rue de Laboratoire and is located directly opposite the city's technical service. It is ideally located and within walking distance for people working in the city centre, the station or the surrounding areas.
 
 Please contact us by telephone on +352 661 793 501 or by email at a.degroote@propertyinvest.lu", Property Invest,352661127777,a.degroote@propertyinvest.lu,,20250519T221554Z,2025-08-14T13:31:13
2025-09-07T07:19:33.622Z,https://www.athome.lu/fr/vente/garage-parking/wasserbillig/id-8279815.html,38000,,,"Moartplaz, Wasserbillig, 6635, Mertert, Est, Luxembourg",13,,"Traumhafte Tiefgaragenstellplätze im Projekt Nei Mett, Wasserbillig  Sichern Sie sich jetzt Ihren exklusiven Tiefgaragenstellplatz im prestigeträchtigen Projekt Nei Mett in Wasserbillig!  Ihr Komfort und Ihre Sicherheit stehen an erster Stelle:      Perfekte Lage: Im Herzen von Wasserbillig, ideal angebunden und in unmittelbarer Nähe zu allen wichtigen Einrichtungen.     Wettergeschützt: Kein Eiskratzen, kein Schneeschippen - Ihr Auto ist zu jeder Jahreszeit geschützt.     Bequeme Zufahrt: Großzügige Stellplätze und breite Zufahrten garantieren ein einfaches und stressfreies Einparken.  Warum einen Tiefgaragenstellplatz im Projekt Nei Mett wählen?      Wertsteigerung: Eine sichere Investition in eine wachsende Region mit hoher Nachfrage nach Parkmöglichkeiten.     Zeitersparnis: Kein lästiges Parkplatzsuchen mehr, direktes Ein- und Ausfahren in Ihrer privaten Tiefgarage.     Mehr Lebensqualität: Genießen Sie mehr Komfort und Sicherheit im Alltag.  Nutzen Sie diese einmalige Gelegenheit und investieren Sie in einen Tiefgaragenstellplatz im Projekt Nei Mett. Kontaktieren Sie uns noch heute für weitere Informationen und sichern Sie sich Ihren Platz!",Eifel-Haus Luxemburg S.A.,35227869680,info@eifel-haus.com,,20240711T165320Z,2025-06-27T16:20:00
2025-09-07T07:19:37.574Z,https://www.athome.lu/fr/vente/immeuble-de-rapport/martelange/id-8420890.html,495000,,https://static.athome.lu/a1/e7/08/c95e68393a3eb1c1e65d328af1d09799cbb73824.jpg,"53 Route de Bastogne, Martelange, 6630, Arlon, Province-de-Luxembourg, Belgium",1,,"ERA B-LUX vous propose cet immeuble à moderniser, situé à Martelange, à proximité du Luxembourg.  Il se compose de 4 appartements de deux chambres, offrant un fort potentiel pour un projet de rénovation ou un investissement locatif.  Le bien comprend également 5 garages, offrant ainsi un espace supplémentaire pour les véhicules ou un potentiel de revenus supplémentaires.  Il dispose d'un chauffage central au mazout, d'une toiture en ardoise naturelle et de châssis en PVC double vitrage.  L'immeuble bénéficie d'une situation avantageuse, à proximité des commerces et des transports, ce qui en fait un excellent investissement. Il offre également un excellent rendement locatif.",ERA B LUX,+32 84 311 888,info@erablux.be,,20241212T112933Z,2025-04-16T16:41:30
2025-09-07T07:20:48.889Z,https://www.athome.lu/fr/vente/garage-parking/mondercange/id-8762563.html,39000,,https://static.athome.lu/3c/4b/58/4c3eb72171d0aac19ae215143c3f862a097a0a74.jpg,"7, Rue Arthur Thinnes, Mondercange, 3919, Mondercange, Sud, Luxembourg",13.75,,"Nous vous proposons à la vente dans une résidence situé au cœur de Mondercange, 4 lots d'emplacements extérieurs.  Les emplacements se situent à l'arrière de la résidence.  Les charges s'élèvent à 8€/mois.  Possibilité d'acheter les emplacements séparément.  Idéal pour investissement!!!  AFIL s'engage dans toutes vos démarches immobilières (estimation, vente, location de biens, recherche de financements).  Vous satisfaire est notre priorité !  Les prix s'entendent frais d'agence + TVA inclus.",Afil Luxembourg Sarl,+352 26 12 38 99,contact@afil.lu,,20250905T133011Z,2025-09-05T18:47:36
2025-09-07T07:20:57.408Z,https://www.athome.lu/fr/vente/garage-parking/strassen/id-8358456.html,120000,,https://static.athome.lu/83/a8/f7/a94b7b525027a01a4a48df4ac0d57e0677387f99.jpg,"NC, Strassen, 8099, Strassen, Centre, Luxembourg",17,,"** Box pour deux voitures avec lift à louer dans une résidence de haut standing avec système de vidéosurveillance**  L'agence immobilière MaraMax s.àr.l vous propose en vente une box pour deux voitures avec lift à deux niveaux au 2ème sous-sol des résidences Portofino et Barcelona à Strassen.  Informations supplémentaires :  Adapté aux véhicules de la taille suivante :4,75 m de long, 1,92 m de large et 1,62 m de haut. (Model Y TESLA / SUV familial) Rampe extérieure chauffée et rampe intérieure légère  Dimensions : +/- 16.28 m2 Hauteur nette sous porte garage : 3,75m Hauteur totale : 3,95m Profondeur nette : 4,91m / brute : 5,00m Largeur nette : 5,53m  Les emplacements se trouvent dans une nouvelle rue (rue Général G. S. Patton).  Disponibilité : De suite !  Pour plus d'informations, n'hésitez pas à nous contacter.",MARAMAX s.à r.l.,+35227869337,info@maramax.lu,,20241010T100515Z,2025-06-23T17:30:55
2025-09-07T07:21:00.946Z,https://www.athome.lu/fr/vente/garage-parking/luxembourg/id-8761645.html,49000,,https://static.athome.lu/d2/1b/58/556d74dd6c27109389afb8f13751227d9b4e5032.jpg,"Luxembourg-Gare, Luxembourg, Centre, Luxembourg",11,,"*** Contact direct +352 661 581 998 *** Parking intérieur à vendre  Luxembourg-Gare (Rue du Commerce) Vous cherchez une solution de stationnement sécurisée et pratique au coeur de la ville ? Ce parking intérieur situé à 500m de la Gare centrale est la combinaison parfaite entre confort et potentiel dinvestissement.  Caractéristiques principales : Adresse :  Rue du Commerce L-1351 Luxembourg  Parking intérieur avec accès sécurisé par badge Disponibilité immédiate Idéal pour résidents ou résidents Forte demande locative  loyer estimé à environ 180 €/mois Surface : 10.7 m2 Accès facile pour tous véhicules Prix attractif : 49.000 € Un choix intelligent, que ce soit pour faciliter votre quotidien ou réaliser un investissement rentable dans un quartier recherché.  Contactez-moi dès aujourdhui pour plus dinformations ou organiser une visite.  *** Direkter Kontakt +352 661 581 998 *** Innenparkplatz zu verkaufen Luxembourg-Gare (Rue du Commerce) Sie suchen eine sichere und praktische Parkplatzlösung im Herzen der Stadt? Dieser Innenparkplatz, 500m vom Hauptbahnhof entfernt, ist die perfekte Kombination aus Komfort und Investitionspotenzial.  Wichtigste Merkmale : Adresse: Rue du Commerce L-1351 Luxemburg.  Innenparkplatz mit sicherem Zugang durch Badge. Sofort verfügbar Ideal für Bewohner oder Anwohner Starke Mietnachfrage geschätzte Miete ca. 180 &euro  *** Direct contact +352 661 581 998 *** Indoor parking lot for sale Luxembourg-Gare (Rue du Commerce) Looking for a secure and convenient parking solution in the heart of the city? This indoor parking lot located 500m from the Central Station is the perfect combination of comfort and investment potential.  Key features: Address: Rue du Commerce L-1351 Luxembourg  Indoor parking lot with secure badge access Immediate availability Ideal for residents or non-residents Strong rental demand estimated rent approx. 180 &euro",REMAX Forum,621300300,elise.fringand@remax.lu,,20250904T142413Z,2025-09-04T14:26:03
2025-09-07T07:21:04.634Z,https://www.athome.lu/fr/vente/garage-parking/luxembourg/id-8761541.html,49000,,https://static.athome.lu/5c/0b/58/935befe5bbb2cdb96be00cee64d2598b948a215a.jpg,"Luxembourg-Gare, Luxembourg, Centre, Luxembourg",13,,"Parking intérieur à vendre ? Luxembourg-Gare (Rue d'Anvers) Vous cherchez une solution de stationnement sécurisée et pratique au coeur de la ville ? Ce parking intérieur situé à 2 pas de la Place de Paris est la combinaison parfaite entre confort et potentiel d'investissement.  Caractéristiques principales : Adresse : Rue d'Anvers, L-1130 Luxembourg Contact direct +352 661 581 998 Parking intérieur avec accès facile via porte électrique et ascenseur Disponibilité immédiate Idéal pour résidents ou résidents Forte demande locative ? loyer estimé à environ 180 €/mois Prix attractif : 49.000 € Un choix intelligent, que ce soit pour faciliter votre quotidien ou réaliser un investissement rentable dans un quartier recherché. Contactez-moi dès aujourd'hui pour plus d'informations ou une visite privée.  Innerer Parkplatz zum Verkauf - Luxembourg-Gare (Rue d'Anvers) Sie suchen eine sichere und praktische Parkplatzlösung im Herzen der Stadt? Dieser Innenparkplatz, der sich nur 2 Schritte vom Place de Paris entfernt befindet, ist die perfekte Kombination aus Komfort und Investitionspotenzial.  Wichtigste Merkmale : Adresse: Rue d'Anvers, L-1130 Luxemburg. Direkter Kontakt +352 661 581 998 Innenparkplatz mit einfachem Zugang über elektrisches Tor und Aufzug. Sofort verfügbar Ideal für Anwohner oder Bewohner Starke Mietnachfrage - geschätzte Miete ca. 180 €/Monat. Attraktiver Preis: 49.000 €. Eine intelligente Wahl, sei es, um Ihren Alltag zu erleichtern oder eine rentable Investition in einer begehrten Gegend zu tätigen. Kontaktieren Sie mich noch heute für weitere Informationen oder eine private Besichtigung.  Indoor parking lot for sale - Luxembourg-Gare (Rue d'Anvers) Looking for a secure and convenient parking solution in the heart of the city? This indoor parking lot located 2 steps from the Place de Paris is the perfect combination of comfort and investment potential.  Key features Address: Rue d'Anvers, L-1130 Luxembourg Direct contact +352 661 581 998 Indoor parking with easy access via electric door and elevator Immediate availability Ideal for residents or non-residents High rental demand - estimated rent approx. €180/month Attractive price: €49,000 A smart choice, whether you want to make your daily life easier or make a profitable investment in a sought-after neighborhood. Contact me today for more information or a private viewing.",REMAX Forum,621300300,elise.fringand@remax.lu,,20250904T141005Z,2025-09-04T14:12:03
2025-09-07T07:21:08.019Z,https://www.athome.lu/fr/vente/garage-parking/arlon/id-8650713.html,,,https://static.athome.lu/9d/ff/38/789fdd68bbb76f97433f9ddebf2059917bfb66dd.jpg,"Arlon, 6700, Arlon, Province-de-Luxembourg, Belgium",13.5,,"*** OPTION-OPTION-OPTION***Do you need an estimate of your house or flat before considering a purchase? Our estimates are free, honest and without obligation!We are at your disposal from Monday to Saturday from 9 am to 7 pm.    ***OPTIE-OPTIE-OPTIE*** Wil je een schatting van je huis of appartement voordat je een aankoop overweegt? Onze schattingen zijn gratis, eerlijk en vrijblijvend!We staan tot je beschikking van maandag tot zaterdag van 9 tot 19 uur.",HONESTY,+32 63 22 34 49,info@honesty.be,,20250614T003123Z,2025-09-06T18:40:29
2025-09-07T07:21:11.700Z,https://www.athome.lu/fr/vente/garage-parking/bergem/id-8388200.html,33000,,https://static.athome.lu/86/ef/f7/a7906120b929a1db2c35a0d2ef4386aaf3971700.jpg,"Bergem, Mondercange, Sud, Luxembourg",8,,"Pour de plus amples informations, veuillez contacter Olli Toivela au 00352691591254 RE/MAX Premium spécialiste de l'immobilier au Luxembourg vous présente en vente un emplacement intérieur sécurisé de 8m2, idéalement situé pour répondre à vos besoins. Emplacement intérieur avec porte de garage électrique dans une petite résidence à Bergem. Proche des principaux axes routiers et des commodités locales. , la commune  de Mondrcange se trouve à proximité des autoroutes Autoroute A4 et Autoroute A13 et de la route nationale N13. Idéal pour collectionneur de voiture ou comme premier investissement.  Pas de frais d'agence pour le futur acquéreur.",Remax Premium,+35227862547,premium@remax.lu,,20241108T154055Z,2025-08-29T11:53:24
2025-09-07T07:21:14.925Z,https://www.athome.lu/fr/vente/garage-parking/mondorf-les-bains/id-8388201.html,23000,,https://static.athome.lu/96/ef/f7/a32811da1082205364a4f2cf15319234bc837c6a.jpg,"Mondorf-Les-Bains, Mondorf-Les-Bains, Est, Luxembourg",8,,"Pour plus de renseignements , veuillez appeler Olli Toivella au 691591254  RE/MAX Premium spécialiste de l'immobilier à Luxembourg vous présente en vente un emplacement extérieur de 8m2, idéalement situé pour répondre à vos besoins. Emplacement extérieur avec barrière d'accès automatique  dans une résidence à Mondorf-les-Bains. Proche des principaux axes routiers et des commodités locales.   La commune est reliée au réseau routier national par l'A13 et par la route nationale 16 (N16). Une antenne de cette dernière, la N16A, permet rejoindre la France et se prolonge par la route départementale 1 (D1) du département de la Moselle.    Pas de frais d'agence pour le futur acquéreur",Remax Premium,+35227862547,premium@remax.lu,,20241108T154057Z,2025-08-29T11:53:24
2025-09-07T07:21:18.039Z,https://www.athome.lu/fr/vente/garage-parking/dudelange/id-8542978.html,38000,,https://static.athome.lu/20/b5/28/e5a0d54ab6045a74d97be2a3c832e9ca91e16a97.jpg,"53 rue de la Libération, Dudelange, 3511, Dudelange, Sud, Luxembourg",11.5,,"A vendre Dudelange centre ville:  Un emplacement Parking pour voiture, dans un grand immeuble. Grandeur et dimension: > 11m2, pour voiture style Suzuki Swift. Emplacement est sec et autres objets peuvent être stocké longtemps sans humidité. Accès avec clé codée sécurisée, au 1er. Voir photos. Vente de gré à gré uniquement. Me contacter par tél. et laisser un message vocal au 621 256 735 Ou par mail sur bpauchet@gmail.com avec dans le titre ""PARKING"" Adresse du parking: 53 rue de la libération, résidence Saphir II, L-3511 Dudelange",Benoit Pauchet,+352621256735,,private-opposed-agencies-requests,20250326T111629Z,2025-03-27T08:10:35
2025-09-07T07:21:22.308Z,https://www.athome.lu/fr/vente/garage-parking/bertrange/id-8519405.html,52000,,https://static.athome.lu/de/ef/18/373d13c950cef66781359c0415fdc9ea39233272.jpg,"1 A Laangert, Bertrange, 8117, Bertrange, Centre, Luxembourg",15,,"Spacy, secured, easy to park parking place inside the main garage (leave zero) of newly constructed residence Opaline just in front of City concord Bertrange. Remote control opening secure door.  heated, dry, clean. Available immediately.",Tatiana Yakunina,+352621513982,,private-opposed-agencies-requests,20250310T093415Z,2025-08-12T12:16:02
